DATE,COMP,HE01,HE02,HE03,HE04,HE05,HE06,HE07,HE08,HE09,HE10,HE11,HE12,HE13,HE14,HE15,HE16,HE17,HE18,HE19,HE20,HE21,HE22,HE23,HE24,,,MAX,HOUR,DATE,,MIN,HOUR,DATE
1/1/2014,RTO,91392.412,89227.554,87668.736,87062.268,87373.595,88632.963,90575.953,91895.899,92502.138,93018.173,93238.325,92739.08,91572.544,90127.954,88964.428,89018.517,91986.3,99585.156,102303.815,101889.004,100727.123,97952.414,93588.866,88722.24,,,102303.815,19,1/1/2014,,87062.268,4,1/1/2014
1/2/2014,RTO,85368.263,83575.648,82946.837,83423.93,85653.425,90873.923,99454.744,105736.494,107147.905,107934.414,108875.027,108880.17,108605.642,108738.89,108636.012,109165.394,112000.142,118005.055,119985.492,119085.645,117009.88,113261.1,108322.288,103424.122,,,119985.492,19,1/2/2014,,82946.837,3,1/2/2014
1/3/2014,RTO,99487.35,97783.51,97746.096,98699.818,101588.998,106824.574,113859,119478.385,121360.553,121534.176,120741.116,119372.298,117650.301,116124.782,114484.787,113710.078,116351.977,124561.53,127294.741,126378.516,125175.236,122125.023,117801.579,112949.177,,,127294.741,19,1/3/2014,,97746.096,3,1/3/2014
1/4/2014,RTO,109090.126,106929.393,105826.647,105685.901,106169.219,107952.747,110848.966,113658.37,114764.416,113031.077,110600.265,107804.887,104405.646,101383.751,99138.88,98275.14,100936.83,108632.598,111467.427,110626.585,109379.869,106999.598,102845.771,98128.582,,,114764.416,9,1/4/2014,,98128.582,24,1/4/2014
1/5/2014,RTO,93565.922,90837.982,89143.401,88219.044,88137.311,89157.683,91258.336,93885.063,96034.405,97815.048,98432.731,98189.475,98137.02,97553.448,97037.81,97171.263,100019.566,105903.865,107094.888,105407.017,103217.08,98927.982,94087.82,89198.695,,,107094.888,19,1/5/2014,,88137.311,5,1/5/2014
1/6/2014,RTO,85504.657,83522.058,82637.689,83287.857,85374.475,90889.688,99324.883,105683.549,107239.28,108904.523,110740.238,111981.587,112684.155,112620.486,112289.285,113163.45,117184.429,125832.1,130536.994,131141.653,130559.635,128841.202,125687.972,121833.708,,,131141.653,20,1/6/2014,,82637.689,3,1/6/2014
1/7/2014,RTO,119951.159,119189.921,119275.233,120128.948,122347.834,126911.066,133606.209,137997.87,137545.961,136586.875,135644.03,134382.174,132611.764,130594.953,128823.938,128079.207,130440.36,137604.377,140510.233,140128.509,138023.189,133810.869,127358.569,121529.092,,,140510.233,19,1/7/2014,,119189.921,2,1/7/2014
1/8/2014,RTO,117713.179,115888.623,115236.851,115158.794,117081.621,121543.547,128630.873,133288.136,132168.05,128615.536,125224.45,122182.555,119198.671,117091.637,115161.28,114694.139,117241.595,123774.213,126135.807,125489.604,123754.716,119471.048,112984.259,106674.756,,,133288.136,8,1/8/2014,,106674.756,24,1/8/2014
1/9/2014,RTO,102282.28,99915.144,98533.007,98572.796,100515.776,105585.857,114640.728,119827.987,118390.606,115512.557,112939.769,109837.772,107214.057,105669.463,104794.044,104857.011,107628.99,114625.16,117239.595,116742.645,115180.735,111192.849,104815.782,98521.932,,,119827.987,8,1/9/2014,,98521.932,24,1/9/2014
1/10/2014,RTO,93841.845,91104.971,89966.642,89497.343,90872.299,95442.693,103748.893,109249.679,109813.81,109716.595,109379.291,108110.759,106814.297,105538.658,103954.243,103600.22,104953.783,109371.828,109440.261,106984.495,104426.6,100704.351,95407.302,89619.463,,,109813.81,9,1/10/2014,,89497.343,4,1/10/2014
1/11/2014,RTO,84372.145,81311.183,79160.37,78196.722,78186.382,79659.927,82434.903,86013.268,89086.389,91646.808,93558.474,93465.054,92400.954,91075.218,89773.648,89270.011,90984.445,94954.903,95934.689,94481.92,93054.202,90190.543,86447.106,82184.937,,,95934.689,19,1/11/2014,,78186.382,5,1/11/2014
1/12/2014,RTO,78266.917,75891.718,74532.02,74446.306,75152.346,76735.911,79217.029,83105.317,86023.333,88225.117,89091.484,88999.263,88758.791,87311.738,86086.83,85560.089,87933.845,94914.697,99310.418,99435.271,98856.083,95948.082,91684.459,87490.23,,,99435.271,20,1/12/2014,,74446.306,4,1/12/2014
1/13/2014,RTO,84080.605,82540.765,82118.028,82807.935,85230.707,91453.597,101141.645,106693.493,105609.105,102646.287,100400.991,98203.381,96381.563,95171.915,94001.143,93702.537,95891.385,101811.258,103732.48,102669.395,100339.151,96349.112,90315.216,83851.17,,,106693.493,8,1/13/2014,,82118.028,3,1/13/2014
1/14/2014,RTO,79286.072,76797.581,75657.008,75542.097,77283.491,82784.645,91898.64,97970.324,98195.81,98052.049,98611.258,98241.69,97672.962,97020.754,96058.851,95679.041,97340.895,102699.583,105460.326,104934.894,103532.501,100085.831,94873.398,89157.932,,,105460.326,19,1/14/2014,,75542.097,4,1/14/2014
1/15/2014,RTO,85165.891,83065.133,82612.216,82815.497,85094.867,90913.543,100469.993,106356.34,106333.342,104835.69,103471.795,101896.849,100650.817,99708.168,99058.572,99428.683,101609.555,107368.195,110452.076,109833.687,108081.186,104633.994,98953.977,93221.843,,,110452.076,19,1/15/2014,,82612.216,3,1/15/2014
1/16/2014,RTO,89384.706,87568.081,86899.957,87354.784,89391.495,95129.651,105015.594,111123.611,111276.612,110264.554,109238.8,107916.481,105950.061,104447.691,103145.823,102766.179,104700.927,110896.386,114165.401,113583.222,112180.058,108500.279,102800.245,96893.301,,,114165.401,19,1/16/2014,,86899.957,3,1/16/2014
1/17/2014,RTO,92821.255,90634.126,89664.802,89910.987,91671.159,97092.234,106149.921,111510.564,110739.972,108064.9,105975.657,103705.058,101765.842,100538.783,99690.73,99508.081,101514.022,107343.255,109527.714,108595.666,107082.9,104343.22,100150.471,95235.926,,,111510.564,8,1/17/2014,,89664.802,3,1/17/2014
1/18/2014,RTO,91104.817,89035.291,88107.91,88184.451,89075.892,91580.176,95669.252,100061.544,103276.281,105667.783,105906.712,104776.313,102925.73,100992.762,99619.389,99624.537,101870.012,108292.829,111634.607,111077.054,109679.055,107004.579,103269.59,98865.69,,,111634.607,19,1/18/2014,,88107.91,3,1/18/2014
1/19/2014,RTO,94979.136,92291.131,90930.146,90278.234,90490.94,91960.624,94384.386,97230.983,99375.448,100039.919,98960.555,97504.336,95983.423,93890.183,92239.178,91330.373,93013.902,99165.78,104142.249,103684.019,102188.642,99101.497,95362.989,90910.312,,,104142.249,19,1/19/2014,,90278.234,4,1/19/2014
1/20/2014,RTO,87420.288,85292.569,84486.704,84386.614,85965.904,90052.619,96248.718,101499.377,103834.458,104186.246,103767.603,102345.147,100480.253,98891.957,97825.582,97148.505,98759.897,104660.706,108431.393,107902.264,106621.591,103079.145,98106.779,92902.564,,,108431.393,19,1/20/2014,,84386.614,4,1/20/2014
1/21/2014,RTO,89099.736,87550.989,87438.116,88177.56,90672.172,96603.287,105284.966,111397.484,112985.601,114384.216,115450.951,116109.532,116013.146,115955.163,115652.683,115962.811,118163.701,124731.121,128506.12,127794.532,126131.852,122931.165,118271.837,113960.886,,,128506.12,19,1/21/2014,,87438.116,3,1/21/2014
1/22/2014,RTO,110759.901,109974.918,110161.108,111392.623,113994.484,119003.943,126377.875,132231.927,133268.979,131806.227,130229.367,128094.041,125968.122,123835.349,122310.862,121975.993,124217.509,131096.129,135061.252,134530.335,132946.212,129040.703,122858.603,117296.992,,,135061.252,19,1/22/2014,,109974.918,2,1/22/2014
1/23/2014,RTO,113360.204,111483.384,110849.142,111169.065,113413.097,118752.738,127271.985,132431.034,132097.755,129467.284,126959.265,124398.892,122248.17,120757.527,120160.554,120036.738,121963.031,128435.403,133792.01,134301.983,133405.411,130685.478,125432.922,120323.136,,,134301.983,20,1/23/2014,,110849.142,3,1/23/2014
1/24/2014,RTO,117405.825,116182.703,116148.317,116772.416,119015.816,124091.382,131929.607,136982.197,136324.684,134245.784,131508.208,128037.639,124862.611,122524.903,120609.301,120102.965,122124.119,128182.912,131690.723,130829.438,129172.521,125810.994,120614.652,115206.934,,,136982.197,8,1/24/2014,,115206.934,24,1/24/2014
1/25/2014,RTO,110737.02,108012.33,106556.337,105718.473,105833.438,107215.373,110017.633,113176.081,115197.077,117532.316,118034.962,117160.12,115069.106,112729.619,110642.404,109296.138,109993.43,114544.492,118274.928,117277.905,115480.407,112879.467,109020.045,104943.843,,,118274.928,19,1/25/2014,,104943.843,24,1/25/2014
1/26/2014,RTO,101497.598,99877.218,99536.02,99652.65,100756.991,102667.021,105945.588,108913.018,110390.874,110101.386,109041.295,107640.241,106900.931,106127.437,105204.183,103887.617,104867.806,110267.952,114005.82,113229.598,111241.208,107317.024,102635.258,98061.043,,,114005.82,19,1/26/2014,,98061.043,24,1/26/2014
1/27/2014,RTO,94365.42,92474.797,91899.175,92415.289,94543.022,99955.527,109025.033,114465.691,114445.071,113644.043,112652.835,111343.727,110185.587,109806.623,109422.43,110078.378,113190.377,120000.267,125476.226,126378.96,125693.743,122870.378,118175.726,113535.691,,,126378.96,20,1/27/2014,,91899.175,3,1/27/2014
1/28/2014,RTO,110582.946,109572.881,109955.804,110917.788,113662.384,119339.831,127727.513,132754.872,133136.655,132556.047,131375.313,129219.77,127383.243,126401.804,125755.638,125769.864,127876.81,133196.747,137335.9,136992.412,135124.176,131168.279,125826.364,120755.215,,,137335.9,19,1/28/2014,,109572.881,2,1/28/2014
1/29/2014,RTO,117602.836,116329.918,115931.916,116338.249,118351.586,123150.558,130635.26,135819.634,136019.893,133234.15,129837.625,126625.44,123640.716,121017.684,118710.755,117591.772,119489.454,125981.821,131887.031,132340.297,131143.806,127690.42,122225.423,117787.572,,,136019.893,9,1/29/2014,,115931.916,3,1/29/2014
1/30/2014,RTO,114738.256,113741.274,113975.358,114903.804,117415.477,123119.837,131721.996,136214.684,134216.698,128699.911,123767.924,119780.914,116234.992,113750.715,111780.791,111017.839,112941.374,118853.634,124061.756,124159.615,122780.355,119075.766,112891.132,106738.738,,,136214.684,8,1/30/2014,,106738.738,24,1/30/2014
1/31/2014,RTO,102124.209,99793.032,98914.25,98510.618,100031.781,104840.698,113062.827,117733.053,116553.297,114120.907,111576.77,108363.245,105838.561,103573.223,101647.181,100583.148,101491.866,106140.822,109965.236,109045.44,107623.384,104926.546,100675.979,95683.385,,,117733.053,8,1/31/2014,,95683.385,24,1/31/2014
2/1/2014,RTO,91781.012,89489.288,88388.678,88099.39,88679.501,90828.66,94524.745,97994.785,99848.035,99491.968,97944.211,95910.104,93155.936,90514.915,88397.638,87791.487,88970.815,93697.238,98093.41,97766.713,96277.371,93870.548,90167.622,85880.277,,,99848.035,9,2/1/2014,,85880.277,24,2/1/2014
2/2/2014,RTO,82131.637,80016.914,78883.358,78698.697,79186.54,81116.593,84453.749,87149.747,89489.674,90621.092,90377.581,90027.194,89595.213,89212.088,88892.052,89064.564,91035.323,95930.848,98232.321,96328.167,95249.664,93307.817,90729.583,86350.108,,,98232.321,19,2/2/2014,,78698.697,4,2/2/2014
2/3/2014,RTO,82950.181,81479.356,81026.35,81889.02,84417.349,90226.621,99026.296,105423.396,107176.557,108192.372,108601.161,108478.15,107913.81,106688.963,105231.572,104235.041,105098.107,109926.363,114989.11,114872.942,112878.559,109214.329,103571.961,98468.048,,,114989.11,19,2/3/2014,,81026.35,3,2/3/2014
2/4/2014,RTO,94946.097,93457.037,92875.073,93389.231,95634.041,101453.846,110603.919,115961.941,115692.819,113821.696,111934.621,109778.103,107936.384,106794.135,106168.397,106121.452,108114.558,113242.369,117238.647,116569.676,114622.821,110619.717,104831.782,98853.868,,,117238.647,19,2/4/2014,,92875.073,3,2/4/2014
2/5/2014,RTO,94593.253,92105.713,90925.929,90775.912,91958.531,96089.989,102168.556,105981.47,107020.774,107971.05,108459.907,108935.545,108375.023,107358.105,106288.413,105509.117,106421.488,110225.789,114563.22,114070.534,112445.293,108589.686,103443.127,98368.292,,,114563.22,19,2/5/2014,,90775.912,4,2/5/2014
2/6/2014,RTO,94949.174,93278.818,93140.639,93778.119,96227.742,101637.028,110620.473,116221.493,116102.537,114448.196,112571.882,110460.349,108472.179,107384.852,106387.626,106184.333,107826.72,112924.684,118650.108,119263.271,117921.52,114501.89,108770.409,103194.057,,,119263.271,20,2/6/2014,,93140.639,3,2/6/2014
2/7/2014,RTO,99375.089,97773.944,97206.879,97664.364,100222.166,106088.669,115755.114,120626.662,119186.348,115911.98,113094.047,110515.04,108198.97,106502.014,104938.879,104085.808,105075.636,109133.206,114826.622,115312.01,114234.312,111687.348,107784.035,103213.463,,,120626.662,8,2/7/2014,,97206.879,3,2/7/2014
2/8/2014,RTO,99285.734,97086.987,96105.45,95851.474,96332.345,98540.804,101998.766,105303.218,108093.122,109619.848,109412.572,107999.011,106050.942,103894.589,101737.99,100437.449,101488.394,105536.609,109965.726,109783.403,108393.305,106099.575,102310.331,98349.501,,,109965.726,19,2/8/2014,,95851.474,4,2/8/2014
2/9/2014,RTO,94857.963,92690.16,91541.817,90950.143,91246.89,92450.906,94879.385,97453.722,100106.233,101864.44,102033.426,101173.754,100642.002,100149.71,99846.208,100454.112,102596.069,106717.571,111531.364,111704.621,110056.783,106457.74,101957.924,97626.785,,,111704.621,20,2/9/2014,,90950.143,4,2/9/2014
2/10/2014,RTO,94652.061,93041.252,93039.015,93972.046,96944.957,103098.209,112867.903,118278.784,118829.149,117423.705,116039.601,114118.08,112429.464,111127.395,109743.312,109017.989,110531.578,115269.552,121611.771,122984.982,122113.296,119036.199,113533.961,108156.575,,,122984.982,20,2/10/2014,,93039.015,3,2/10/2014
2/11/2014,RTO,104832.853,103710.026,103679.765,104468.812,107246.899,113396.644,123091.193,127583.825,125718.874,122218.247,119284.612,116109.419,113507.537,111418.291,109623.292,108896.983,110176.836,115139.154,122340.81,124064.909,123787.517,121517.991,116170.666,111186.709,,,127583.825,8,2/11/2014,,103679.765,3,2/11/2014
2/12/2014,RTO,107935.858,106902.44,106947.684,107867.471,110576.294,116496.321,125693.753,129690.523,128004.348,125158.742,121941.158,118735.404,115911.865,114377.047,113030.958,112811,114230.662,118203.39,122761.528,122711.243,121111.297,117411.016,111815.973,106303.87,,,129690.523,8,2/12/2014,,106303.87,24,2/12/2014
2/13/2014,RTO,102016.778,99813.5,98916.189,98553.311,99828.105,103338.401,109170.135,113003.685,113941.786,114060.97,113621.612,112302.938,110762.957,109103.339,107435.295,106295.325,107419.364,111153.603,114887.384,114461.515,112296.918,108543.676,103198.035,97931.209,,,114887.384,19,2/13/2014,,97931.209,24,2/13/2014
2/14/2014,RTO,94038.55,91970.387,90987.79,91119.464,92770.059,97062.082,103981.722,108198.825,108831.689,107883.725,106579.446,105067.749,103272.523,101600.874,100065.373,98990.351,99021.257,102147.137,107167.05,107024.283,105449.205,102940.833,98640.001,94330.523,,,108831.689,9,2/14/2014,,90987.79,3,2/14/2014
2/15/2014,RTO,90513.396,88083.958,87133.149,86889.419,87625.922,89840.843,93260.253,96678.588,100186.974,102490.87,103167.134,102742.504,101610.66,100365.92,99282.28,99027.403,100191.358,103720.187,109128.539,109561.892,108195.49,106112.141,102738.6,98864.231,,,109561.892,20,2/15/2014,,86889.419,4,2/15/2014
2/16/2014,RTO,95433.282,93558.545,92584.148,92475.824,92988.98,94441.481,96985.177,99143.219,101294.851,101598.496,100162.451,98369.27,96604.461,95339.645,94780.292,95291.436,97437.541,101924.345,107508.15,108309.509,107139.534,104306.455,100780.992,97161.958,,,108309.509,20,2/16/2014,,92475.824,4,2/16/2014
2/17/2014,RTO,94274.576,93657.855,93708.827,94928.16,97774.733,103385.497,111363.705,115790.25,116116.698,115183.474,113338.42,111126.87,108581.988,106583.847,104863.765,104147.69,105525.708,110094.413,116126.996,116347.906,114667.993,110342.608,104300.103,98140.076,,,116347.906,20,2/17/2014,,93657.855,2,2/17/2014
2/18/2014,RTO,93889.68,91719.473,90748.665,90789.911,92585.286,98012.149,105844.305,110518.998,110515.241,107742.414,105095.025,102405.635,99745.395,97781.512,96047.578,94691.537,95253.962,98653.986,105217.471,106616.258,105536.454,102140.991,96612.044,91109.972,,,110518.998,8,2/18/2014,,90748.665,3,2/18/2014
2/19/2014,RTO,87020.881,84944.585,83883.845,83943.223,85558.636,90703.281,99580.435,103233.831,102153.505,100949.516,99766.942,97690.991,95685.244,93900.589,92224.591,91037.89,91933.393,94777.223,100770.688,101981.927,100978.766,97705.773,92333.767,86809.098,,,103233.831,8,2/19/2014,,83883.845,3,2/19/2014
2/20/2014,RTO,82953.071,81132.287,80766.262,81321.999,83821.054,90163.79,100096.801,104232.925,102771.444,100325.502,98679.031,97191.786,95685.785,94741.331,93945.239,93790.421,95163.675,98084.273,101642.49,101406.22,99532.612,95768.479,89875.081,84248.353,,,104232.925,8,2/20/2014,,80766.262,3,2/20/2014
2/21/2014,RTO,79917.159,77538.859,76441.219,76380.176,77988.581,83198.005,92289.623,97332.43,98145.921,98386.137,98407.981,97614.977,96488.127,95531.319,94441.137,93226.94,92776.178,94085.741,98698.201,99503.063,98537.758,95940.449,91963.949,87454.88,,,99503.063,20,2/21/2014,,76380.176,4,2/21/2014
2/22/2014,RTO,83768.589,81552.153,80636.196,80431.161,81362.991,83751.766,87505.168,90699.975,92439.35,91889.11,90124.734,87861.026,85260.352,82617.383,80614.773,79626.817,80167.45,82777.148,88775.088,90513.384,89853.126,88156.339,85255.242,81555.502,,,92439.35,9,2/22/2014,,79626.817,16,2/22/2014
2/23/2014,RTO,78455.402,76493.789,75777.284,75552.003,76119.239,77805.254,80629.818,83082.172,85452.484,86268.625,85687.353,84045.19,82379.565,81152.647,80206.777,80198.674,81734.976,85755.376,92229.386,94943.098,94455.785,91384.387,87603.858,83542.523,,,94943.098,20,2/23/2014,,75552.003,4,2/23/2014
2/24/2014,RTO,80695.439,79406.163,79530.973,80638.718,83572.765,90235.32,100774.65,105701.943,104925.594,103743.931,102714.908,101230.478,100019.085,98893.542,97630.993,97059.623,98626.085,102831.508,109741.742,111838.171,110468.658,106815.919,101131.192,95897.497,,,111838.171,20,2/24/2014,,79406.163,2,2/24/2014
2/25/2014,RTO,92241.335,90712.702,90139.544,90432.81,92439.773,98378.874,108012.932,111955.016,111968.102,111448.971,110904.432,109570.298,108152.573,106838.778,105266.646,104692.532,105544.269,108743.771,114561.094,116489.229,115217.313,111552.667,105903.529,100283.985,,,116489.229,20,2/25/2014,,90139.544,3,2/25/2014
2/26/2014,RTO,96404.111,94615.366,94059.193,94262.596,96460.437,102062.048,111508.125,116245.053,116194.913,115653.511,114764.153,112542.308,110048.567,108016.418,106123.29,105022.439,106234.398,110240.604,117288.283,120196.856,119466.274,116224.586,110752.002,105555.929,,,120196.856,20,2/26/2014,,94059.193,3,2/26/2014
2/27/2014,RTO,102337.673,101003.776,100713.426,101465.008,103889.126,109629.53,118674.239,121501.604,118780.02,115884.88,114039.179,112116.147,109878.032,108502.085,106488.932,105781.388,107100.475,110874.428,117817.794,121099.723,121116.96,118649.369,113789.415,109086.437,,,121501.604,8,2/27/2014,,100713.426,3,2/27/2014
2/28/2014,RTO,106290.931,105626.491,105832.561,107462.743,110145.707,116193.018,125124.007,127830.413,125160.394,121846.156,118841.384,115699.474,112032.549,108948.506,106281.207,104505.881,104936.817,107916.724,113862.943,115860.977,115199.856,112768.65,108580.693,103624.782,,,127830.413,8,2/28/2014,,103624.782,24,2/28/2014
3/1/2014,RTO,99815.072,97718.578,96711.305,96351.205,96854.401,98815.108,101856.708,104147.711,104943.469,104113.137,102198.802,99555.197,96351.448,93254.437,90868.636,90396.809,91415.057,94075.571,98987.304,100337.869,99061.546,96838.582,93430.827,89277.638,,,104943.469,9,3/1/2014,,89277.638,24,3/1/2014
3/2/2014,RTO,85873.995,83776.255,83004.738,82463.603,82926.481,84525.787,87079.967,89556.1,92536.347,94128.747,94345.052,93442.383,92850.267,92603.259,92470.705,92930.892,94931.165,98556.793,103506.012,104938.022,103578.887,100576.049,96668.363,93190.519,,,104938.022,20,3/2/2014,,82463.603,4,3/2/2014
3/3/2014,RTO,90676.458,89421.281,89648.144,90860.473,94199.288,100233.058,108486.333,114050.355,117356.925,119275.88,120472.195,120593.614,119876.157,118488.858,116548.348,115435.916,115842.387,118264.745,124085.499,126617.428,125348.974,122066.122,116985.546,112645.646,,,126617.428,20,3/3/2014,,89421.281,2,3/3/2014
3/4/2014,RTO,109728.632,108609.027,108595.667,109154.586,111269.778,116178.696,122731.338,125664.594,124729.783,122457.851,119439.95,115839.263,112596.977,110182.899,108080.545,106338.279,107089.88,110456.345,116711.225,118650.713,117259.86,113576.646,107742.144,102132.153,,,125664.594,8,3/4/2014,,102132.153,24,3/4/2014
3/5/2014,RTO,98673.819,96853.706,96436.906,97183.446,99758.141,105348.722,114006.832,117107.468,114688.634,111587.181,108647.942,106122.914,104121.859,102455.901,100908.458,100481.7,101760.916,104798.755,110994.864,113863.268,113240.033,110423.668,104930.908,99809.756,,,117107.468,8,3/5/2014,,96436.906,3,3/5/2014
3/6/2014,RTO,96293.114,94899.592,94805.076,95459.579,97986.77,104106.603,113398.741,116926.539,115375.557,112655.903,109820.178,107188.51,104674.852,102852.409,101503.563,100871.847,102322.464,105698.12,111039.142,113581.193,112770.712,109425.976,103543.849,97689.094,,,116926.539,8,3/6/2014,,94805.076,3,3/6/2014
3/7/2014,RTO,94321.802,91997.468,91183.567,91355.892,93559.399,99008.475,107642.507,111118.147,110280.264,108294.379,105977.935,103348.44,100852.151,98979.085,97188.051,95705.501,95345.489,96858.9,100621.846,102510.211,101338.362,98613.775,94368.182,89634.82,,,111118.147,8,3/7/2014,,89634.82,24,3/7/2014
3/8/2014,RTO,85958.005,84068.478,83413.101,83450.995,84582.719,87213.905,90577.867,92623.435,93277.818,92421.488,91109.531,88833.047,86300.852,83911.062,82146.743,81445.512,82076.643,84224.716,88780.181,90960.896,89982.321,87972.751,84600.658,80607.457,,,93277.818,9,3/8/2014,,80607.457,24,3/8/2014
3/9/2014,RTO,77368.098,75084.436,,74562.463,74874.431,76136.025,78662.069,82055.796,84393.921,85867.949,86231.502,85500.947,84870.417,83155.24,81511.124,80399.898,80161.342,81771.68,84744.839,91221.868,94937.57,92769.98,89150.543,84335.734,,,94937.57,21,3/9/2014,,74562.463,4,3/9/2014
3/10/2014,RTO,81000.845,79065.909,78578.525,78918.049,81062.974,86536.749,96340.487,102589.531,102284.599,100232.689,98483.661,97058.85,95130.907,92812.898,90443.13,88367.402,87120.5,87176.902,88304.533,92922.82,95527.278,92481.709,87103.364,81373.742,,,102589.531,8,3/10/2014,,78578.525,3,3/10/2014
3/11/2014,RTO,76793.052,74315.9,73158.764,72952.382,74729.453,79963.185,89259.579,95647.239,95306.679,93909.012,92231.03,90243.819,88761.842,87762.542,86696.881,85683.223,85370.473,85813.086,86461.118,90542.165,92700.654,89788.653,83750.82,77839.876,,,95647.239,8,3/11/2014,,72952.382,4,3/11/2014
3/12/2014,RTO,73652.16,71268.789,70336.377,70508.683,72194.701,77449.34,86884.649,93448.54,93817.365,93833.125,93775.9,93929.879,93700.697,93620.337,93226.228,93142.379,93871.482,95596.754,97215.72,100135.634,101821.091,99537.98,95128.701,91003.152,,,101821.091,21,3/12/2014,,70336.377,3,3/12/2014
3/13/2014,RTO,88144.821,87245.613,87686.703,89022.251,92172.19,98539.899,109269.097,116166.173,116000.434,114719.145,113496.126,111446.841,109225.952,107337.999,105142.38,102886.174,101794.011,102083.54,103843.303,109505.904,112472.14,109938.565,104410.437,98418.095,,,116166.173,8,3/13/2014,,87245.613,2,3/13/2014
3/14/2014,RTO,94356.267,92080.953,91059.94,91256.32,92889.877,97833.288,106623.733,111811.446,110579.503,107885.645,105407.518,101890.926,98282.963,94872.569,91744.178,89560.767,88687.285,88717.874,89367.023,92940.172,94710.471,92486.765,88203.339,82738.188,,,111811.446,8,3/14/2014,,82738.188,24,3/14/2014
3/15/2014,RTO,78023.137,75366.175,73774.835,72979.463,73158.898,75037.47,78430.248,82293.253,85121.505,86384.235,86226.774,84713.328,82596.248,80524.193,78357.269,77041.299,76770.419,76999.078,77880.166,81742.113,85020.776,83886.036,81303.826,77662.952,,,86384.235,10,3/15/2014,,72979.463,4,3/15/2014
3/16/2014,RTO,74697.772,72791.918,72415.96,72711.967,73797.506,75977.083,79231.608,82959.143,86006.408,88232.716,88893.69,88875.696,89034.162,88913.233,88795.542,89415.7,90974.738,93362.664,95964.355,100707.689,102936.302,100739.971,96966.676,92573.752,,,102936.302,21,3/16/2014,,72415.96,3,3/16/2014
3/17/2014,RTO,89584.768,88159.351,88094.663,88453.306,90985.859,96310.115,104975.094,111107.655,112310.103,112654.316,112532.953,111389.813,109537.724,107726.873,105330.971,103709.434,103744.849,104558.011,105324.87,108290.303,109804.004,106329.574,100629.663,94611.041,,,112654.316,10,3/17/2014,,88094.663,3,3/17/2014
3/18/2014,RTO,90326.959,88221.251,87158.942,87361.031,89142.898,94437.161,103769.323,109466.976,109139.972,107372.515,105349.263,102871.423,100151.154,97898.397,95830.289,94128.971,93495.515,94332.588,95063.746,99077.751,101855.99,99180.013,93412.927,87634.008,,,109466.976,8,3/18/2014,,87158.942,3,3/18/2014
3/19/2014,RTO,83351.928,80933.557,79838.252,79891.086,81695.703,86879.212,96401.629,101952.973,101915.027,101225.032,100440.96,99572.613,98577.38,97768.736,96639.189,95800.01,96223.108,97001.496,97726.151,99961.082,100522.838,97112.574,91130.26,85071.55,,,101952.973,8,3/19/2014,,79838.252,3,3/19/2014
3/20/2014,RTO,80670.353,78315.306,77305.923,77372.528,78969.972,84292.371,93972.733,99828.51,99091.171,97193.614,96119.289,94779.182,93234.068,91822.21,90232.082,89071.171,88500.611,88677.887,89624.642,93400.316,96684.374,94460.561,89446.955,84191.159,,,99828.51,8,3/20/2014,,77305.923,3,3/20/2014
3/21/2014,RTO,80291.131,78259.635,77415.826,77902.922,80017.485,85563.667,95551.859,100908.835,100239.842,97875.679,95653.376,93248.306,91035.061,89654.572,87839.407,86227.627,84834.227,84171.876,84000.002,87171.784,90202.674,88319.403,84548.403,79907.038,,,100908.835,8,3/21/2014,,77415.826,3,3/21/2014
3/22/2014,RTO,75997.502,73584.904,72187.008,71720.349,72219.414,74010.254,77441.803,80962.328,84093.98,85782.352,85820.131,84463.774,82509.051,80264.761,78283.53,76885.375,76564.516,76857.706,77396.548,80743.514,83972.661,82584.064,79607.726,75852.617,,,85820.131,11,3/22/2014,,71720.349,4,3/22/2014
3/23/2014,RTO,72488.181,70501.35,69872.682,69760.809,70556.229,72420.736,75609.74,78920.109,82496.38,85344.199,86475.95,86486.277,86206.557,85500.446,84651.825,84277.994,84926.477,86021.243,87581.676,92450.284,97108.339,95590.905,92028.395,88202.945,,,97108.339,21,3/23/2014,,69760.809,4,3/23/2014
3/24/2014,RTO,85331.565,84505.893,84980.196,86310.581,89486.784,96256.002,106940.284,112333.024,110948.807,108529.066,106117.359,103742.348,101471.749,99453.782,97026.251,95036.359,94480.308,95032.443,96689.279,101743.321,105556.269,103440.237,98371.858,93137.737,,,112333.024,8,3/24/2014,,84505.893,2,3/24/2014
3/25/2014,RTO,89077.942,87332.493,86837.5,87349.439,89587.053,95157.851,104617.335,109615.937,109471.65,108039.135,106708,105240.941,103937.71,103055.518,102142.121,101634.628,102633.119,103894.229,105119.395,107944.846,110183.717,107096.868,101269.647,95827.942,,,110183.717,21,3/25/2014,,86837.5,3,3/25/2014
3/26/2014,RTO,91808.008,89922.801,89840.881,90179.262,92693.946,98765.495,108405.301,113141.23,111950.491,109621.032,107824.253,106396.916,104841.844,103176.335,101185.836,99328.285,98343.923,98362.276,99645.244,104252.261,108673.353,106828.927,101427.356,95871.876,,,113141.23,8,3/26/2014,,89840.881,3,3/26/2014
3/27/2014,RTO,92292.634,90764.417,90294.577,90653.666,93137.149,98922.835,108523.945,112628.81,110605.463,107537.868,104843.191,101949.002,99416.377,97821.704,95517.23,94003.101,93678.825,94031.897,94380.601,97675.116,100304.087,97138.959,91392.371,85443.039,,,112628.81,8,3/27/2014,,85443.039,24,3/27/2014
3/28/2014,RTO,81111.861,78569.133,77023.531,76674.619,77928.958,82378.778,90911.988,95288.87,95405.534,95102.88,95139.694,94335.824,92557.537,91203.555,89079.845,87443.987,86747.706,85889.2,85251.989,86913.478,88927.997,86495.3,82225.802,77181.124,,,95405.534,9,3/28/2014,,76674.619,4,3/28/2014
3/29/2014,RTO,72875.774,70131.334,68773.741,68266.245,68581.394,70216.107,73624.765,77271.244,81204.401,84675.064,86565.433,87011.642,86320.969,85575.553,84736.747,84383.467,84714.255,85466.938,85786.317,87499.102,88776.843,86855.167,83447.395,79254.804,,,88776.843,21,3/29/2014,,68266.245,4,3/29/2014
3/30/2014,RTO,75373.219,73032.502,71752.435,71304.845,71402.896,72845.886,75574.661,78643.326,82092.653,85128.406,86268.898,86604.394,86603.357,86025.546,85218.009,84580.479,85302.186,86440.299,87190.27,89936.675,93418.4,91231.059,87036.272,82361.927,,,93418.4,21,3/30/2014,,71304.845,4,3/30/2014
3/31/2014,RTO,78958.339,77326.737,76799.268,77369.981,79593.516,85511.113,95433.178,100292.363,99583.477,97669.175,95709.974,93212.931,90772.81,89044.907,87097.92,85343.863,84464.805,84352.249,84483.671,87381.686,91462.52,88761.173,83470.269,77576.2,,,100292.363,8,3/31/2014,,76799.268,3,3/31/2014
4/1/2014,RTO,73599.058,71726.721,70925.117,71297.291,73645.208,79392.976,89133.267,93890.879,93041.845,91484.612,90190.656,88928.995,87739.699,86802.673,85559,84483.888,83927.091,83514.874,83177.937,85616.438,90004.739,87527.878,81722.111,75719.593,,,93890.879,8,4/1/2014,,70925.117,3,4/1/2014
4/2/2014,RTO,71330.52,68874.539,68152.041,68057.923,70046.734,75260.069,85110.767,90306.419,90545.381,90419.599,90331.43,89602.015,88374.008,87271.477,85936.497,84543.455,84089.514,84227.954,84825.704,87381.796,90674.785,87900.609,82140.935,76087.097,,,90674.785,21,4/2/2014,,68057.923,4,4/2/2014
4/3/2014,RTO,71575.658,69082.491,67872.357,67582.708,69013.921,74075.093,83044.947,88247.73,89120.948,89157.662,89270.306,88825.776,88456.026,88290.482,87603.719,86928.426,87080.098,87584.74,87685.814,89797.209,91713.173,88533.601,82775.134,76623.195,,,91713.173,21,4/3/2014,,67582.708,4,4/3/2014
4/4/2014,RTO,72012.123,69301.301,67958.524,67720.811,69101.309,73950.64,82645.169,88300.334,89824.816,90461.833,90945.328,90891.785,90049.169,89522.826,88747.523,87783.302,87664.689,87593.556,87091.179,88404.006,89806.935,87644.123,83100.533,77737.732,,,90945.328,11,4/4/2014,,67720.811,4,4/4/2014
4/5/2014,RTO,73544.459,70561.697,69160.099,68411.315,68868.108,70696.211,74272.493,77734.868,80871.806,82925.354,83564.447,82627.614,81095.016,78975.538,77087.746,75621.279,75280.477,75405.561,76209.993,78550.891,82990.456,82779.67,79923.99,76062.657,,,83564.447,11,4/5/2014,,68411.315,4,4/5/2014
4/6/2014,RTO,72995.656,70939.415,70176.402,70370.757,71232.011,73268.282,76205.495,78664.677,80166.101,79865.432,78595.821,77032.5,75603.263,74067.553,72728.354,71780.178,72188.515,73371.877,74892.35,78608.434,83383.69,81893.346,77623.471,73175.498,,,83383.69,21,4/6/2014,,70176.402,3,4/6/2014
4/7/2014,RTO,69816.484,68052.073,67726.497,68135.993,70348.344,76117.871,85867.531,91129.602,92500.466,93372.07,93960.347,93859.721,93433.516,92793.615,91980.202,91280.226,91731.555,92531.742,92882.503,93692.455,94539.468,90825.46,84708.901,78689.227,,,94539.468,21,4/7/2014,,67726.497,3,4/7/2014
4/8/2014,RTO,73748.877,71141.449,69748.766,69427.631,70793.383,75753.32,84846.875,89842.962,90553.255,90154.021,89654.564,88765.194,87653.826,86460.838,85414.612,84148.047,83376.878,83251.193,83142.282,85034.985,89346.248,87359.945,81800.631,76014.981,,,90553.255,9,4/8/2014,,69427.631,4,4/8/2014
4/9/2014,RTO,71910.747,69953.467,69168.882,69293.184,71436.422,76947.116,86463.864,90345.297,89667.105,88242.816,87147.933,86325.001,85544.937,84989.92,84168.279,83154.363,82701.99,82559.714,82394.535,84299.001,88811.095,87294.734,81699.984,75760.724,,,90345.297,8,4/9/2014,,69168.882,3,4/9/2014
4/10/2014,RTO,71853.352,69862.44,69285.914,69724.65,71911.235,77671.184,87196.103,91043.449,89953.502,88334.051,87319.037,86300.751,85280.856,84772.294,83741.873,82749.606,82358.368,82248.973,81793.761,83398.914,87376.531,85186.167,79192.576,72980.801,,,91043.449,8,4/10/2014,,69285.914,3,4/10/2014
4/11/2014,RTO,68322.578,65746.81,64295.227,64034.007,65344.821,70057.85,78846.409,83698.398,84995.344,85287.715,85503.231,85696.842,85277.347,85048.25,84420.16,83903.242,83223.804,82593.867,81172.578,81458.238,83845.72,82156.664,77411.153,71930.145,,,85696.842,12,4/11/2014,,64034.007,4,4/11/2014
4/12/2014,RTO,67435.302,64400.08,62670.326,62004.923,62319.727,63814.887,66958.765,69874.462,73478.653,75408.716,76116.897,76174.412,75530.284,74653.275,73958.718,73898.687,74093.279,74667.157,74505.383,75408.437,78725.182,77356.16,73186.191,68160.823,,,78725.182,21,4/12/2014,,62004.923,4,4/12/2014
4/13/2014,RTO,63879.378,61059.234,59225.282,58127.253,58073.065,58916.428,60480.065,62436.344,66305.974,69280.959,71233.654,72484.246,73451.835,74159.809,74354.925,75150.967,76449.835,77525.191,77953.752,79649.276,83617.596,81696.466,76607.701,71077.207,,,83617.596,21,4/13/2014,,58073.065,5,4/13/2014
4/14/2014,RTO,66539.362,63845.228,62358.056,61912.9,63083.549,67075.455,75211.369,80616.185,83534.007,85659.782,87424.485,88277.096,88584.39,88702.013,88265.209,87620.225,87541.083,87535.781,87172.465,88363.277,90592.553,87457.961,81713.16,75292.794,,,90592.553,21,4/14/2014,,61912.9,4,4/14/2014
4/15/2014,RTO,70537.402,67817.209,66428.712,65923.278,67296.089,72093.664,80707.079,86454.49,89167.146,90948.449,92216.616,92683.477,92718.932,92395.992,91346.147,90338.877,90579.391,91095.192,91496.339,92798.223,94838.724,93186.912,88127.739,82992.221,,,94838.724,21,4/15/2014,,65923.278,4,4/15/2014
4/16/2014,RTO,79237.674,77414.403,76932.017,77315.117,79812.826,85827.368,94835.131,99187.186,99128.175,97888.287,96270.062,94425.21,92672.495,90880.622,89018.483,86978.863,85912.765,85893.178,85981.345,88183.594,93577.275,93018.334,88254.333,82878.608,,,99187.186,8,4/16/2014,,76932.017,3,4/16/2014
4/17/2014,RTO,78877.759,77050.854,76278.42,76604.02,78766.98,84074.689,92027.206,95355.148,94312.117,92346.703,90742.298,89078.209,87506.465,86171.919,84762.4,83180.576,82366.958,81889.611,81557.383,82901.837,87425.005,86725.248,81844.839,76126.304,,,95355.148,8,4/17/2014,,76126.304,24,4/17/2014
4/18/2014,RTO,71909.744,69743.822,69053.301,69181.191,70670.944,74475.523,80057.831,83532.743,85462.993,85684.608,84878.991,83160.001,81342.544,79924.985,78601.9,77612.742,77275.407,77462.606,77342.185,78017.002,81145.937,80633.789,77063.642,72192.198,,,85684.608,10,4/18/2014,,69053.301,3,4/18/2014
4/19/2014,RTO,68297.38,65847.607,64641.277,64243.967,64858.233,66825.215,69611.131,72342.94,75315.945,76648.912,76466.052,75568.979,74296.176,72812.399,71724.136,71087.731,71140.749,71488.436,71714.916,73243.15,77006.259,76899.314,73670.409,69212.947,,,77006.259,21,4/19/2014,,64243.967,4,4/19/2014
4/20/2014,RTO,65214.74,62672.33,61491.823,61043.366,61429.308,63189.705,65269.065,67777.891,70626.837,71877.835,71419.524,70778.628,69979.154,68853.995,67360.745,66582.674,66489.614,67116.034,67806.254,70008.056,75192.711,75554.324,71953.757,67530.559,,,75554.324,22,4/20/2014,,61043.366,4,4/20/2014
4/21/2014,RTO,64096.057,62557.633,62112.918,62745.078,64929.415,70473.529,78705.587,83166.974,84458.025,84743.47,85156.104,85304.533,85055.134,85070.596,84809.633,84347.456,83760.394,83713.792,83207.794,84168.886,87638.585,85235.389,78670.525,72236.851,,,87638.585,21,4/21/2014,,62112.918,3,4/21/2014
4/22/2014,RTO,67575.966,64794.44,63127.169,62807.525,64143.295,68917.213,77064.101,81676.457,83271.487,83918.5,84788.966,85100.929,85085.638,85351.468,85015.47,84444.503,84171.802,83803.266,83375.59,83862.346,86630.833,85107.736,79054.417,72982.363,,,86630.833,21,4/22/2014,,62807.525,4,4/22/2014
4/23/2014,RTO,68191.18,65429.317,64255.061,64194.053,65560.49,70765.489,79359.907,84307.019,85804.151,86417.064,86760.743,86239.419,85664.299,85036.218,84123.991,83173.759,82815.271,82601.953,82603.925,83747.162,88163.231,87089.122,81503.152,75732.81,,,88163.231,21,4/23/2014,,64194.053,4,4/23/2014
4/24/2014,RTO,71498.421,69318.847,68440.44,68467.854,70295.617,75736.356,84127.788,88122.993,88567.47,87830.101,87211.662,85932.962,84928.316,84404.042,83476.269,82460.672,82045.17,81868.694,81454.309,82273.337,86492.993,85172.485,79720.558,73633.104,,,88567.47,9,4/24/2014,,68440.44,3,4/24/2014
4/25/2014,RTO,69331.562,67019.439,66079.544,65972.799,67547.009,72611.023,80344.842,84642.923,85655.944,85745.989,85752.241,85495.394,84822.192,84386.66,83603.212,82830.466,82438.479,82155.548,81690.682,81614.714,82974.995,81960.295,77551.662,72180.316,,,85752.241,11,4/25/2014,,65972.799,4,4/25/2014
4/26/2014,RTO,67882.98,65214.802,63745.638,63223.167,63525.203,65202.137,67794.499,70410.511,73550.838,75063.067,75499.248,75195.098,74372.688,73516.205,72887.683,72695.357,73066.049,73389.919,73233.218,73833.206,76938.087,76713.309,72920.65,68341.964,,,76938.087,21,4/26/2014,,63223.167,4,4/26/2014
4/27/2014,RTO,64203.528,61591.948,60255.146,59545.056,59699.417,60823.063,62555.304,64944.12,68581.589,70810.142,71573.6,71709.773,71674.791,71284.357,70892.892,70928.39,71738.912,73057.545,73812.927,75304.359,79392.793,78616.726,73808.685,68630.873,,,79392.793,21,4/27/2014,,59545.056,4,4/27/2014
4/28/2014,RTO,64805.32,62671.403,61996.275,62149.457,63785.025,68867.584,77356.165,82480.32,84103.964,84510.427,85149.205,85351.581,85421.278,85204.058,84545.337,84063.748,84370.201,84916.637,85435.138,86528.796,88114.462,85321.004,79390.049,73016.33,,,88114.462,21,4/28/2014,,61996.275,3,4/28/2014
4/29/2014,RTO,68877.952,66385.362,65044.779,64782.501,66085.485,70778.5,79444.176,84623.555,86502.103,87615.296,88454.756,88719.605,88780.163,88816.444,88108.992,87995.43,88328.064,88720.795,88566.395,88775.564,90117.237,87739.854,81764.735,75427.613,,,90117.237,21,4/29/2014,,64782.501,4,4/29/2014
4/30/2014,RTO,70955.686,68413.747,67078.926,66685.659,68005.46,72611.143,80965.816,86043.456,87884.083,89019.88,90112.704,90354.021,90135.896,90137.18,89387.616,88858.929,88999.311,89410.034,89351.55,89202.192,89735.168,87342.649,81503.024,74840.923,,,90354.021,12,4/30/2014,,66685.659,4,4/30/2014
5/1/2014,RTO,70128.011,67140.468,65401.913,65053.332,66048.581,70604.104,78649.53,83566.508,85214.835,86099.043,86887.81,86821.607,86704.582,86773.648,86595.049,86045.335,86020.241,85885.084,85384.21,85558.499,88533.525,87066.299,81125.223,74347.77,,,88533.525,21,5/1/2014,,65053.332,4,5/1/2014
5/2/2014,RTO,69169.672,66322.918,64639.715,64217.638,65217.147,69825.893,77227.73,82174.296,83977.015,84680.834,85121.926,85364.137,84937.806,84351.823,83444.879,82617.824,82153.23,81554.269,80419.155,80203.045,82836.165,82268.058,77729.556,72299.099,,,85364.137,12,5/2/2014,,64217.638,4,5/2/2014
5/3/2014,RTO,67661.255,64808.112,63122.459,62428.871,62675.996,64145.083,66406.409,69565.157,73051.208,75172.677,75831.401,75676.04,75161.75,74375.924,73857.643,73297.478,73343.662,73430.125,73274.278,73543.08,76074.741,76293.309,72748.126,67864.54,,,76293.309,22,5/3/2014,,62428.871,4,5/3/2014
5/4/2014,RTO,63785.973,61361.794,59798.05,59028.386,58976.57,60003.881,61015.115,63444.408,67184.39,69927.393,71082.479,71919.512,72427.429,72475.27,71863.315,71725.598,72475.189,73712.348,74323.581,75097.595,78597.605,78759.711,74258.463,69078.386,,,78759.711,22,5/4/2014,,58976.57,5,5/4/2014
5/5/2014,RTO,64781.588,62633.302,61705.81,61785.355,63604.878,68727.446,76458.985,81729.697,83165.809,83631.761,84194.99,84412.403,84213.897,84148.353,83618.457,83148.91,83006.494,82942.979,82532.694,82897.018,85317.029,84658.433,78773.752,72542.443,,,85317.029,21,5/5/2014,,61705.81,3,5/5/2014
5/6/2014,RTO,68033.99,65588.297,64278.515,64196.619,65521.211,70357.077,78011.875,82497.752,83702.689,84063.186,84419.788,84505.971,84656.646,84995.659,84879.539,84696.306,84640.834,84624.672,83760.68,83331.671,86178.487,85892.164,79373.29,72434.978,,,86178.487,21,5/6/2014,,64196.619,4,5/6/2014
5/7/2014,RTO,67273.448,64674.473,63276.369,62946.204,63984.645,68653.805,76124.012,80950.246,82677.589,83594.065,84938.089,85732.651,86327.771,87004.95,87179.88,87211.934,87602.178,87393.897,86696.357,86279.78,87963.256,87184.426,80931.197,74007.926,,,87963.256,21,5/7/2014,,62946.204,4,5/7/2014
5/8/2014,RTO,68804.691,65709.874,64185.01,63249.544,64397.873,68898.952,76516.467,81720.044,84607.591,86662.175,89074.801,90721.939,92348.416,94136.958,95644.579,96670.93,97663.6,97994.939,96971.148,95694.199,96644.427,95694.138,88932.261,80595.918,,,97994.939,18,5/8/2014,,63249.544,4,5/8/2014
5/9/2014,RTO,74304,69973.376,67297.892,65963.876,66479.265,70156.42,77056.786,83003.247,86297.648,88731.025,90868.728,92490.148,93334.936,94518.763,94391.992,94082.88,93595.036,92164.453,89855.175,88152.316,88872.984,87590.288,82377.088,75871.626,,,94518.763,14,5/9/2014,,65963.876,4,5/9/2014
5/10/2014,RTO,70210.77,66315.388,64065.704,62644.645,62200.334,63403.294,64855.763,68442.095,73594.747,77531.308,80300.63,81737.92,82177.253,81858.12,81434.715,80764.735,80184.622,79986.166,80058.728,78950.327,80357.324,80475.956,76427.342,71221.362,,,82177.253,13,5/10/2014,,62200.334,5,5/10/2014
5/11/2014,RTO,66374.362,62892.18,60679.119,59292.018,58831.417,59012.457,59427.968,62478.259,67401.463,71553.908,73802.69,75535.726,77021.976,78161.951,79444.336,81044.281,82798.337,83844.8,84093.862,83792.63,85817.996,85585.604,80133.257,73629.433,,,85817.996,21,5/11/2014,,58831.417,5,5/11/2014
5/12/2014,RTO,68413.425,65142.54,63344.512,62675.562,63903.996,68142.597,75598.802,81756.516,86104.134,90152.099,94000.063,97850.059,100745.502,103516.629,105154.573,106464.215,107742.524,107897.38,106448.414,104598.581,104656.503,102140.256,93791.481,85049.536,,,107897.38,18,5/12/2014,,62675.562,4,5/12/2014
5/13/2014,RTO,77965.728,73277.752,70684.163,69022.851,69626.584,73340.367,80324.817,86842.194,91178.784,95228.658,98835.924,102250.959,104681.731,107065.179,108412.893,109351.898,109712.029,108668.338,106174.293,102653.285,101506.642,98777.476,90524.246,81744.395,,,109712.029,17,5/13/2014,,69022.851,4,5/13/2014
5/14/2014,RTO,74965.034,70846.579,67969.257,66773.547,66977.684,70666.166,77750.01,82911.439,85672.038,87533.563,89410.664,90712.702,91711.316,92949.539,93748.443,93968.174,94524.102,94009.478,92641.478,91887.018,93135.338,91255.685,84570.435,77242.756,,,94524.102,17,5/14/2014,,66773.547,4,5/14/2014
5/15/2014,RTO,71733.69,68456.49,66562.632,65801.741,66743.935,70971.722,78669.276,84693.873,87978.988,90151.312,92154.946,93327.966,93984.241,94591.869,94582.453,94313.954,93923.618,92899.602,91328.741,90504.983,91608.493,90250.611,84354.699,77349.1,,,94591.869,14,5/15/2014,,65801.741,4,5/15/2014
5/16/2014,RTO,72360.932,69126.943,67452.791,66807.265,67751.893,71662.286,78788.816,83882.209,86561.942,88068.646,89134.538,89204.428,88838.769,88568.737,87855.441,87237.895,86705.777,85804.214,84344.609,82958.259,84128.615,83926.092,79480.269,73553.667,,,89204.428,12,5/16/2014,,66807.265,4,5/16/2014
5/17/2014,RTO,68437.079,65201.825,63464.323,62467.038,62665.627,63865.764,65637.83,69006.718,72749.992,75481.447,76542.313,76687.191,75957.545,75269.92,74468.247,73863.143,73874.145,74100.266,73912.445,73659.852,75621.195,76640.773,73442.1,69132.145,,,76687.191,12,5/17/2014,,62467.038,4,5/17/2014
5/18/2014,RTO,64985.468,62434.344,61086.896,60451.171,60660.227,61233.811,61934.415,64143.791,67487.196,69783.876,70748.603,71380.666,71734.338,71475.212,71286.385,71252.585,71951.321,72980.323,73592.004,74113.801,76599.053,77806.564,73775.896,68572.192,,,77806.564,22,5/18/2014,,60451.171,4,5/18/2014
5/19/2014,RTO,64632.086,62581.631,61773.776,61799.605,63707.735,68471.649,75787.922,81100.744,83226.704,84331.553,85398.798,85800.923,86150.847,86470.219,86476.371,86416.073,86333.16,86177.565,85352.993,84602.988,85975.267,85626.209,79491.785,72425.261,,,86476.371,15,5/19/2014,,61773.776,3,5/19/2014
5/20/2014,RTO,67378.408,64670.388,63134.13,62639.893,63831.015,67971.82,74925.284,80433.886,82764.123,84700.231,86508.597,88111.45,89077.916,90684.042,91594.7,92326.981,93282.013,93523.198,92359.973,91951.011,93529.233,92632.79,85881.212,78295.804,,,93529.233,21,5/20/2014,,62639.893,4,5/20/2014
5/21/2014,RTO,72231.516,68730.042,66589.731,65471.041,66192.203,70362.697,77347.007,83341.056,86699.504,89132.417,91654.476,93871.074,95741.588,97373.741,98598.339,99362.179,100613.189,100532.21,99359.319,97736.603,97376.3,95719.058,88827.805,80769.588,,,100613.189,17,5/21/2014,,65471.041,4,5/21/2014
5/22/2014,RTO,74182.696,70245.142,67875.275,66578.778,67183.108,70991.67,77788.169,83715.304,87543.565,90658.402,93850.193,96237.791,97776.915,99417.73,100534.278,101224.04,101405.118,100144.175,97443.962,94968.441,94128.609,93365.993,86655.266,78333.458,,,101405.118,17,5/22/2014,,66578.778,4,5/22/2014
5/23/2014,RTO,71897.362,67842.606,65401.68,64341.008,64620.114,67997.585,73839.784,79904.936,83478.912,85986.733,87888.108,89062.899,89626.815,90351.282,90478.236,90483.202,90632.124,90034.913,87887.765,85335.847,84379.483,83894.98,78872.166,72303.321,,,90632.124,17,5/23/2014,,64341.008,4,5/23/2014
5/24/2014,RTO,67206.428,63413.44,61097.786,59897.492,59626.188,60319.447,60953.915,64299.4,68781.705,72637.249,75014.353,76287.135,76876.998,77302.884,77641.92,78444.473,79429.358,80183.412,79716.974,78292.942,78192.418,78546.734,74851.771,69358.866,,,80183.412,18,5/24/2014,,59626.188,5,5/24/2014
5/25/2014,RTO,64558.227,61290.949,59054.914,58024.414,57539.598,57754.281,57599.353,60573.835,65233.381,69665.216,72667.786,75133.603,77084.879,78636.318,80084.318,81714.01,83499.295,84692.049,84511.197,82390.123,81262.715,81406.576,77415.332,71921.506,,,84692.049,18,5/25/2014,,57539.598,5,5/25/2014
5/26/2014,RTO,66314.53,62814.906,60389.491,59295.723,58953.423,59701.005,60018.377,63165.13,68509.695,74329.469,79613.511,84121.031,87754.218,90596.416,93406.932,95970.811,97915.719,98957.654,98201.549,96872.087,97053.729,96723.978,90102.28,82310.641,,,98957.654,18,5/26/2014,,58953.423,5,5/26/2014
5/27/2014,RTO,75777.599,71718.312,69225.668,68142.654,68610.294,72657.163,79800.725,87392.843,93311.262,98666.245,104273.305,109036.558,112700.163,115741.74,117525.457,119025.111,119759.956,118494.135,114345.903,109879.689,107558.853,104469.753,96375.723,87171.068,,,119759.956,17,5/27/2014,,68142.654,4,5/27/2014
5/28/2014,RTO,80211.287,75770.273,72960.904,71390.888,71731.345,75143.782,81993.799,88263.431,92738.749,95991.834,99762.591,102610.671,104902.415,107212.312,108298.761,108931.769,108831.789,107530.549,104329.364,100894.587,99489.904,96696.862,88720.799,80739.56,,,108931.769,16,5/28/2014,,71390.888,4,5/28/2014
5/29/2014,RTO,74305.152,70050.175,67481.159,66395.494,66823.952,70499.308,77091.139,82747.924,85606.663,88017.57,90300.931,91838.81,92937.575,94050.776,94636.901,94749.196,95108.596,95125.302,93972.474,92540.153,91964.187,90628.638,84537.603,77147.811,,,95125.302,18,5/29/2014,,66395.494,4,5/29/2014
5/30/2014,RTO,71253.69,67470.85,65274.253,64266.332,64856.148,68573.498,75018.031,80749.164,84175.548,86806.695,89220.273,91178.891,92539.475,94077.807,95630.336,96065.293,96974.467,96992.271,95225.698,92269.006,90681.929,89822.98,84735.149,77775.953,,,96992.271,18,5/30/2014,,64266.332,4,5/30/2014
5/31/2014,RTO,71216.46,66865.403,64340.366,62677.58,62273.498,62695.235,63519.942,67339.213,72848.17,77526.37,81495.91,83888.552,85712.357,87342.663,88464.645,90082.323,91816.238,92439.989,91806.447,89410.418,87129.112,86209.953,81606.622,75140.959,,,92439.989,18,5/31/2014,,62273.498,5,5/31/2014
6/1/2014,RTO,69101.041,64927.893,62416.783,60681.288,59933.976,59855.14,59774.099,62875.948,68174.964,73131.704,77086.633,80715.275,83779.6,86699.703,88906.003,91346.96,93945.443,96087.268,96604.28,94848.258,93712.573,93340.957,87754.562,80568.442,,,96604.28,19,6/1/2014,,59774.099,7,6/1/2014
6/2/2014,RTO,74413.117,70451.701,68305.767,67323.177,68008.593,71563.475,78443.143,85319.752,89830.105,93605.007,96972.322,99365.195,101766.619,103599.857,105546.108,107720.791,109700.055,110373.712,108905.428,105964.374,104156.88,102892.043,95595.871,86554.414,,,110373.712,18,6/2/2014,,67323.177,4,6/2/2014
6/3/2014,RTO,79454.586,74633.713,71897.606,70414.693,70735.041,74322.07,80803.248,87830.01,92788.341,97616.738,102752.669,107049.143,110821.055,113879.352,115522.427,117122.916,118609.845,118514.748,116344.18,113071.818,109941.819,107426.838,99315.484,89231.956,,,118609.845,17,6/3/2014,,70414.693,4,6/3/2014
6/4/2014,RTO,81307.205,76158.626,72671.567,71082.363,71204.521,74422.258,80854.308,87704.742,92622.306,96581.771,100455.152,103363.284,105478.385,107265.176,108367.476,109101.513,109331.625,108226.274,105624.195,102716.183,101789.881,99294.042,92114.087,84063.351,,,109331.625,17,6/4/2014,,71082.363,4,6/4/2014
6/5/2014,RTO,77445.131,73110.678,70500.196,69109.891,69471.131,72965.247,78938.299,84824.79,88347.693,91100.991,93627.034,95594.01,96757.808,98090.089,99046.919,100187.111,101181.84,101236.06,99494.725,96744.106,94645.871,93846.164,87688.479,79669.119,,,101236.06,18,6/5/2014,,69109.891,4,6/5/2014
6/6/2014,RTO,72823.267,68775.883,66138.816,64840.884,65374.125,68391.148,73940.566,80224.675,84614.974,88129.145,90955.591,93242.827,94803.495,96782.635,98370.479,99950.399,101433.429,101682.947,99745.853,96280.543,93064.777,91585.417,86233.221,78805.603,,,101682.947,18,6/6/2014,,64840.884,4,6/6/2014
6/7/2014,RTO,72096.81,67621.863,64659.959,62884.159,62456.411,62862.211,63793.181,68336.596,74168.02,79382.606,83765.388,86885.464,89340.495,91508.605,93571.224,95869.761,97814.594,98827.62,97527.189,94544.473,91880.645,91065.061,85983.307,79130.99,,,98827.62,18,6/7/2014,,62456.411,5,6/7/2014
6/8/2014,RTO,72794.113,68159.464,65344.392,63347.14,62531.429,62242.824,62520.652,65271.317,70982.477,76827.885,81831.417,85672.944,88692.772,90622.494,91882.184,92804.816,93518.826,93722.635,92513.511,90819.247,90502.486,90179.89,85261.52,78670.276,,,93722.635,18,6/8/2014,,62242.824,6,6/8/2014
6/9/2014,RTO,73088.982,69576.932,67391.901,66699.729,67447.719,71472.467,77667.295,84273.433,89314.886,93046.868,96849.647,99448.107,101494.302,103627.118,104745.337,105746.911,106485.664,106251.849,104684.546,102034.57,100918.749,99821.261,93179.135,84975.643,,,106485.664,17,6/9/2014,,66699.729,4,6/9/2014
6/10/2014,RTO,78283.146,74245.83,71720.721,70423.168,71132.12,74902.923,81330.877,87423.308,91972.248,95540.559,99413.679,102603.128,105201.842,107586.742,109554.36,110813.323,111630.378,111208.519,108920.444,106487.656,105000.224,103434.193,96178.544,87741.833,,,111630.378,17,6/10/2014,,70423.168,4,6/10/2014
6/11/2014,RTO,80550.872,76094.213,73323.533,71914.123,72372.183,75905.383,82024.187,88118.575,92366.748,95606.134,99068.631,101836.592,103842.674,105874.197,106792.468,107087.2,106866.873,105521.983,102555.453,99857.454,98679.699,96922.443,90767.917,83356.755,,,107087.2,16,6/11/2014,,71914.123,4,6/11/2014
6/12/2014,RTO,76873.125,72852.773,70495.464,69377.115,69950.249,73669.014,80110.512,86195.545,90550.371,93927.289,97182.832,99376.988,101091.909,102994.728,104097.218,104243.365,104108.294,103865.036,102139.112,100106.76,99221.078,98332.959,92687.787,84969.288,,,104243.365,16,6/12/2014,,69377.115,4,6/12/2014
6/13/2014,RTO,78324.428,73998.058,71381.661,70098.002,70399.418,73993.802,79455.081,86324.513,91358.332,95545.453,99348.35,102526.64,104702.987,106367.293,106918.848,106673.426,106510.493,104892.049,101450.237,97811.319,95069.337,93404.852,88333.207,81095.919,,,106918.848,15,6/13/2014,,70098.002,4,6/13/2014
6/14/2014,RTO,74674.185,70175.997,67187.868,65223.65,64503.859,64881.648,65695.212,69796.821,75356.617,79991.336,83217.169,84864.431,85849.142,86519.629,86936.209,87834.02,88699.377,89234,88101.091,85836.477,83792.614,83454.884,79615.381,73646.435,,,89234,18,6/14/2014,,64503.859,5,6/14/2014
6/15/2014,RTO,68140.531,64170.889,61765.165,60266.897,59609.797,59348.188,59354.169,62533.907,67551.972,72498.923,75981.957,79265.912,82005.13,84948.356,87903.519,91361.44,95027.054,97717.348,98319.961,97247.925,95821.331,95822.346,91105.169,83776.436,,,98319.961,19,6/15/2014,,59348.188,6,6/15/2014
6/16/2014,RTO,76971.13,72453.143,69745.219,68201.131,69005.728,72276.298,77969.537,85679.903,92970.869,99767.366,106543.363,112503.273,117253.196,121372.755,124279.792,126463.852,128271.615,128960.927,126949.937,122610.039,119146.862,116556.123,108852.251,98755.631,,,128960.927,18,6/16/2014,,68201.131,4,6/16/2014
6/17/2014,RTO,90677.947,85026.277,81292.547,79167.08,79116.274,81971.703,88015.383,95821.857,103178.542,110503.227,117594.006,124471.643,129691.399,134160.385,137316.565,139616.027,141361.252,141674.124,139212.544,135707.174,131497.033,128674.846,120339.951,109799.365,,,141674.124,18,6/17/2014,,79116.274,5,6/17/2014
6/18/2014,RTO,100733.732,94583.673,90350.437,87661.307,86892.922,89483.175,94818.257,102568.805,109696.118,116619.95,123409.411,128661.301,131964.292,134233.25,136203.433,138325.118,139497.465,139052.509,136272.364,131399.572,126602.034,122579.334,113231.878,102590.7,,,139497.465,17,6/18/2014,,86892.922,5,6/18/2014
6/19/2014,RTO,93890.231,87724.523,83760.359,81212.453,80788.539,83835.788,89284.705,95882.934,101335.222,105930.574,109996.907,113180.022,115792.308,118212.748,119401.843,119777.219,119137.54,117203.555,114170.324,110429.778,107383.464,106136.692,99675.437,91009.313,,,119777.219,16,6/19/2014,,80788.539,5,6/19/2014
6/20/2014,RTO,83317.926,78351.111,75013.231,73346.319,73299.198,75725.007,80597.886,86840.212,92278.381,97198.218,101913.794,105796.554,109231.293,112398.878,114420.644,115410.237,116021.074,114955.394,111714.185,106871.946,102956.884,100613.284,94930.637,87077.502,,,116021.074,17,6/20/2014,,73299.198,5,6/20/2014
6/21/2014,RTO,80171.377,75293.436,72155.363,70271.016,69415.282,69726.064,70970.4,74248.438,78907.635,83679.714,87635.68,90579.361,93114.772,95215.667,97090.423,98379.108,99413.984,99409.947,97554.442,94920.54,92478.64,91908.932,87730.405,81397.873,,,99413.984,17,6/21/2014,,69415.282,5,6/21/2014
6/22/2014,RTO,75317.875,70943.893,68101.657,66121.548,65209.869,64895.973,64875.411,67765.937,72750.084,78097.959,82964.483,87727.135,91711.575,95260.865,98070.271,100460.731,102512.857,104032.798,103271.928,100733.695,98092.475,97528.244,92048.535,84649.326,,,104032.798,18,6/22/2014,,64875.411,7,6/22/2014
6/23/2014,RTO,77865.685,73311.478,70858.463,69372.018,70025.517,73266.381,78726.456,86427.301,93311.756,99077.514,104792.839,109757.951,114131.929,117781.929,120145.176,121909.389,122764.041,122419.35,119679.51,115191.064,111053.761,108865.409,101442.54,92273.831,,,122764.041,17,6/23/2014,,69372.018,4,6/23/2014
6/24/2014,RTO,84460.57,79138.47,75688.217,73919.646,74120.659,77233.226,82709.048,90001.069,96349.036,102010.853,107656.893,113008.045,117348.048,121627.398,124650.077,127119.546,128672.221,128173.02,124842.552,119524.991,115393.681,112627.487,105036.571,95901.58,,,128672.221,17,6/24/2014,,73919.646,4,6/24/2014
6/25/2014,RTO,88122.22,82753.761,79239.055,77464.519,77697.739,81011.055,86712.246,93511.878,99261.024,104480.579,110106.648,115557.199,120094.278,124128.402,126720.007,127921.674,128391.178,127303.61,124042.855,119586.989,116003.705,113243,105499.328,95948.679,,,128391.178,17,6/25/2014,,77464.519,4,6/25/2014
6/26/2014,RTO,87812.83,82517.301,79020.966,77051.117,76859.711,79698.851,85099.719,92317.525,98574.148,103981.798,109054.653,113418.684,116687.772,119966.823,122442.836,124502.137,126322.325,126670.25,124633.084,119936.875,115142.002,112520.639,105317.111,95631.463,,,126670.25,18,6/26/2014,,76859.711,5,6/26/2014
6/27/2014,RTO,87194.184,81275.041,77456.057,75487.538,75384.478,77772.531,82486.484,89374.43,96111.632,103008.113,109272.988,114564.416,118832.44,122240.879,124506.978,126128.53,127047.301,126445.304,123119.612,118026.265,113041.17,110568.184,104129.669,95244.804,,,127047.301,17,6/27/2014,,75384.478,5,6/27/2014
6/28/2014,RTO,87075.249,80899.683,76763.895,73991.401,72583.754,72402.281,73418.723,78114.48,85525.896,92935.351,99490.033,104496.764,108614.391,111530.301,113583.847,115695.915,117038.804,117157.461,114867.48,110491.298,106274.639,104320.976,99064.37,91549.335,,,117157.461,18,6/28/2014,,72402.281,6,6/28/2014
6/29/2014,RTO,84202.551,78894.655,75058.486,72508.756,71079.178,70238.488,69995.507,73568.565,80693.245,87899.505,94224.022,99880.344,104505.292,107867.957,110497.554,112714.796,114811.243,115393.115,114048.658,110900.201,107696.478,106092.663,100643.702,92619.865,,,115393.115,18,6/29/2014,,69995.507,7,6/29/2014
6/30/2014,RTO,85642.495,80658.737,77305.988,75816.986,76026.371,79098.228,84432.807,91359.098,97579.041,103799.142,110358.046,115883.162,120822.289,125581.598,129347.455,132276.167,134214.408,134488.72,132421.039,128345.388,123041.952,119576.329,110905.219,100418.828,,,134488.72,18,6/30/2014,,75816.986,4,6/30/2014
7/1/2014,RTO,91864.984,85997.591,82221.713,80089.651,79656.558,82039.524,87136.168,94487.651,102246.526,110174.063,117348.762,123757.311,129040.806,133158.9,136212.483,137930.048,139326.804,139386.372,136865.284,132708.247,128334.476,124940.211,116644.951,106518.64,,,139386.372,18,7/1/2014,,79656.558,5,7/1/2014
7/2/2014,RTO,97617.235,91282.116,86857.479,84100.766,83508.531,85851.904,90632.383,98078.161,106112.142,113639.246,121044.218,127218.371,131755.37,134849.463,136564.488,137017.248,136448.664,133728.232,129305.646,124254.462,119582.836,116480.516,108717.334,99010.902,,,137017.248,16,7/2/2014,,83508.531,5,7/2/2014
7/3/2014,RTO,90879.989,85088.139,81308.964,79104.06,78923.173,81502.734,85780.845,92457.346,99149.267,105033.713,110932.599,115978.298,119259.314,121787.276,123080.281,122836.993,120920.114,117601.154,112705.327,107051.057,102946.668,100066.474,94371.356,86956.091,,,123080.281,15,7/3/2014,,78923.173,5,7/3/2014
7/4/2014,RTO,80197.389,75474.155,72174.91,69972.615,68965.43,69102.45,68802.532,70511.749,74366.079,78712.246,82780.29,85830.72,87495.931,88188.262,88683.702,89317.521,90066.718,90319.819,88713.456,85224.241,81157.605,79329.308,76648.438,72934.564,,,90319.819,18,7/4/2014,,68802.532,7,7/4/2014
7/5/2014,RTO,68128.351,64145.616,61554.752,60150.092,59482.984,59581.255,59757.307,62994.285,68419.761,73731.762,78316.715,81873.101,84332.814,86155.53,88502.595,90994.457,93456.167,95036.841,94274.262,91267.352,87834.951,86722.69,82626.242,76845.372,,,95036.841,18,7/5/2014,,59482.984,5,7/5/2014
7/6/2014,RTO,71246.806,66978.979,64123.617,62392.331,61414.127,61118.828,60850.202,63621.035,68864.306,74426.449,80019.174,85270.11,90091.892,93769.92,97166.476,100790.91,103991.115,105868.465,105782.012,103552.871,101354.885,101097.839,96708.618,89613.092,,,105868.465,18,7/6/2014,,60850.202,7,7/6/2014
7/7/2014,RTO,83034.294,78468.507,75446.884,73882.655,74265.044,77607.851,82985.447,90440.603,98157.948,105300.234,112612.467,118947.666,124145.846,128141.6,131274.702,133463.212,134796.563,135088.735,133233.949,129194.554,125220.321,121738.18,113630.762,103742.14,,,135088.735,18,7/7/2014,,73882.655,4,7/7/2014
7/8/2014,RTO,95032.063,88750.021,84458.319,81935.602,81703.292,84520.777,90205.906,97787.065,104380.394,110729.344,116874.472,122712.024,127210.446,130969.936,133348.975,134720.591,135538.42,135054.583,131668.163,124986.42,119144.574,114263.09,106615.807,97194.267,,,135538.42,17,7/8/2014,,81703.292,5,7/8/2014
7/9/2014,RTO,88943.28,83425.275,79524.467,77588.515,77442.004,80147.785,84971.386,91795.916,98128.656,103918.939,109442.089,114180.858,117895.943,121328.726,123887.369,125562.583,125835.373,123939.923,120210.499,116030.601,112240.161,109851.898,103003.526,93852.598,,,125835.373,17,7/9/2014,,77442.004,5,7/9/2014
7/10/2014,RTO,85914.148,80518.008,77017.153,75114.92,75074.739,77945.901,82706.905,89071.888,95001.39,100022.875,105023.778,109237.706,112687.05,116032.721,118038.337,119371.219,120182.51,120122.634,117171.325,112786.397,108872.399,106444.083,99500.81,90577.516,,,120182.51,17,7/10/2014,,75074.739,5,7/10/2014
7/11/2014,RTO,83095.246,77828.548,74413.788,72648.514,72717.053,75498.472,79639.519,86208.077,92734.091,98704.676,104592.136,109475.024,113366.482,117133.761,119791.99,121852.464,123057.196,122695.661,119447.08,114647.892,110283.661,107797.028,101315.575,92955.859,,,123057.196,17,7/11/2014,,72648.514,4,7/11/2014
7/12/2014,RTO,85280.112,79558.288,75732.172,73334.029,72221.855,72427.111,73127.268,77670.958,84953.359,92731.844,100270.625,106307.568,110642.562,113788.933,115840.42,117427.666,118527.587,118528.155,116295.765,112085.388,109080.016,107581.943,102341.332,95289.651,,,118528.155,18,7/12/2014,,72221.855,5,7/12/2014
7/13/2014,RTO,88276.765,82547.603,78765.317,76232.251,74960.714,74695.831,74501.479,77666.824,84596.95,91855.794,98706.303,105126.587,110958.581,115447.267,118465.267,120596.631,122621.447,123416.335,122414.774,119161.04,116614.752,114452.386,107183.078,98327.027,,,123416.335,18,7/13/2014,,74501.479,7,7/13/2014
7/14/2014,RTO,90391.489,84555.312,81328.017,79486.447,79703.176,83315.299,88882.434,95672.651,101570.943,107168.568,113048.323,118052.509,122285.98,125959.017,128884.277,130677.757,130868.219,128839.472,125255.824,120623.292,115820.505,112365.515,104898.983,96221.772,,,130868.219,17,7/14/2014,,79486.447,4,7/14/2014
7/15/2014,RTO,88576.789,83435.773,80242.235,78354.141,78679.296,82008.25,87009.357,93349.704,98996.471,104242.616,109106.795,113161.984,116142.867,118318.322,118340.025,117324.964,116545.83,114818.393,111310.895,107595.082,104726.7,102364.837,95867.087,87757.284,,,118340.025,15,7/15/2014,,78354.141,4,7/15/2014
7/16/2014,RTO,81024.958,76548.974,73865.58,72304.405,72727.599,75878.859,80774.451,85972.933,90447.595,94328.483,97581.796,100196.817,102100.8,104193.068,105914.521,106959.54,107716.068,107331.817,104949.347,101523.611,98438.083,97454.64,91453.945,83411.071,,,107716.068,17,7/16/2014,,72304.405,4,7/16/2014
7/17/2014,RTO,76506.842,72110.373,69405.14,68221.786,68560.912,71552.38,76105.409,82170.493,87410.678,91900.201,96119.994,99417.228,101958.858,104242.059,106100.365,107350.452,108513.684,108621.319,106705.485,103069.152,99871.95,98551.007,91894.349,83648.32,,,108621.319,18,7/17/2014,,68221.786,4,7/17/2014
7/18/2014,RTO,76826.725,72345.127,69441.371,68028.201,68374.926,71050.814,75387.237,80921.981,86607.87,91480.976,95883.028,99514.76,102280.166,104723.824,106374.038,107289.438,107785.544,106832.601,103743.365,99770.288,97681.38,96417.532,91011.254,83976.709,,,107785.544,17,7/18/2014,,68028.201,4,7/18/2014
7/19/2014,RTO,77679.835,73237.31,70151.842,68552.131,67780.937,68454.677,69780.442,72322.759,77311.67,82286.786,86513.761,89657.118,91719.946,92770.061,93419.83,93929.296,94612.751,94408.473,93112.718,91160.576,90490.094,90216.879,86413.349,80777.875,,,94612.751,17,7/19/2014,,67780.937,5,7/19/2014
7/20/2014,RTO,75331.918,71171.889,68424.456,66729.074,65881.358,66040.837,66123.393,68228.607,73170.542,78929.725,84242.253,88970.547,92909.474,95952.214,97936.545,99706.691,101651.029,103038.104,102718.937,100925.72,99694.137,99162.69,93891.807,86847.085,,,103038.104,18,7/20/2014,,65881.358,5,7/20/2014
7/21/2014,RTO,80333.528,75751.167,72894.622,71493.182,72130.468,75730.689,81208.783,87443.452,93793.72,99685.807,105686.692,110771.25,115316.731,119593.404,122677.391,124917.482,126424.125,126689.788,124956.395,121171.109,117627.115,114979.092,107058.545,97345.317,,,126689.788,18,7/21/2014,,71493.182,4,7/21/2014
7/22/2014,RTO,88968.805,82923.93,79357.024,76969.896,77005.349,80234.174,85497.535,92152.575,99498.077,106491.566,114028.456,120557.254,125689.266,130674.986,134027.107,136097.354,137835.244,138195.546,136464.223,132359.23,128274.786,124929.387,116227.541,105851.209,,,138195.546,18,7/22/2014,,76969.896,4,7/22/2014
7/23/2014,RTO,96736.516,89914.621,85272.898,82306.593,81693.424,84556.044,89672.211,96065.112,102208.558,108623.798,115161.375,121115.555,125819.165,128937.355,130604.47,132142.943,133106.439,131809.328,127668.212,122431.042,117784.13,113602.468,105419.355,96325.894,,,133106.439,17,7/23/2014,,81693.424,5,7/23/2014
7/24/2014,RTO,88237.424,83082.097,79560.674,77320.974,77389.833,80196.819,84967.47,89950.518,94640.056,98175.772,101353.585,103858.458,105597.324,107594.455,108910.869,109994.84,110456.245,110023.338,107370.997,103830.328,101046.333,99573.829,93007.539,84854.028,,,110456.245,17,7/24/2014,,77320.974,4,7/24/2014
7/25/2014,RTO,77991.924,73407.348,70397.735,68766.754,68670.544,71561.931,75770.601,81273.491,86715.881,91264.18,95659.467,98839.288,101584.007,104319.325,106409.072,108359.544,110165.102,110182.747,107549.124,103425.346,100035.015,98607.095,92456.577,85004.594,,,110182.747,18,7/25/2014,,68670.544,5,7/25/2014
7/26/2014,RTO,78513.971,73816.895,70934.294,69105.486,68369.082,69033.149,70098.236,73239.344,79165.977,85405.296,90908.339,95506.508,99500.071,102786.771,105944.228,108220.356,110151.444,110681.303,109133.779,106088.669,104047.292,102723.608,97652.729,90909.564,,,110681.303,18,7/26/2014,,68369.082,5,7/26/2014
7/27/2014,RTO,84496.063,79722.877,76255.734,74108.67,72795.556,72850.585,72802.528,75031.544,80574.556,87049.692,93279.065,99045.616,103876.619,107655.899,110183.997,111818.607,113093.179,113275.615,112097.926,109292.987,107058.631,104640.037,98602.041,90846.855,,,113275.615,18,7/27/2014,,72795.556,5,7/27/2014
7/28/2014,RTO,83695.732,78934.254,75931.033,74380.922,74624.095,77881.642,83300.472,88997.61,95049.083,99602.011,103167.47,105892.574,107850.377,109316.477,109909.979,110058.23,110048.215,109263.095,106327.801,101880.658,99350.066,97607.477,90730.776,82879.445,,,110058.23,16,7/28/2014,,74380.922,4,7/28/2014
7/29/2014,RTO,76477.828,71874.463,69140.075,67709.247,67922.746,71221.268,75905.298,80773.014,84955.825,88558.969,92032.793,94765.609,96593.506,98507.398,99557.54,100277.122,100523.306,99972.261,97908.982,94976.555,94127.789,92982.546,87075.278,79867.866,,,100523.306,17,7/29/2014,,67709.247,4,7/29/2014
7/30/2014,RTO,73572.556,69649.511,67138.001,65929.968,66467.953,69691.617,74674.429,79381.906,83991.687,88037.3,91863.87,95107.805,97743.745,100402.371,102348.757,103838.49,104951.652,104933.817,103070.935,99630.557,97932.647,96513.399,89875.588,82219.45,,,104951.652,17,7/30/2014,,65929.968,4,7/30/2014
